player,team,prop,direction,line,prediction,edge,confidence,ou_prob,dir_prob,mp_predicted,l10_avg,l10_edge,l5_avg,line_move,model_wr,min_edge_req,injury_adj,teammates_out,regression_flag,calibrated_conf,stat_wr,meta_prob,rank_score,game_date,player_norm,pts_actual,trb_actual,ast_actual,stl_actual,blk_actual,tov_actual,pra_actual,pr_actual,pa_actual,result,actual
Brook Lopez,LAC,BLK,UNDER,1.5,1.2,-0.3,78.0,,78.0,,1.2,-0.3,0.8,,78.0,0.5,False,,False,78.0,0.78,,0.723,2026-03-02,brook lopez,6,4,2,0,0,0,12,10,8,WIN,0.0
Derrick White,BOS,STL,UNDER,1.5,1.0,-0.5,73.0,,73.0,,1.0,-0.5,1.2,,73.0,0.5,False,,False,73.0,0.73,,0.7205,2026-03-02,derrick white,18,1,9,1,0,2,28,19,27,WIN,1.0
Ryan Rollins,MIL,STL,UNDER,1.5,1.1,-0.4,73.0,,73.0,,1.1,-0.4,1.0,,73.0,0.5,False,,False,73.0,0.73,,0.7005,2026-03-02,ryan rollins,5,3,2,2,0,2,10,8,7,LOSS,2.0
Chet Holmgren,OKC,BLK,UNDER,2.5,1.5,-1.0,78.0,,78.0,,1.5,-1.0,2.2,,78.0,0.5,False,,False,78.0,0.78,,0.813,2026-03-03,chet holmgren,12,11,2,0,2,2,25,23,14,WIN,2.0
Grayson Allen,PHX,STL,UNDER,1.5,0.8,-0.7,73.0,,73.0,,0.8,-0.7,0.8,,73.0,0.5,False,,False,73.0,0.73,,0.7605,2026-03-03,grayson allen,18,3,6,3,0,3,27,21,24,LOSS,3.0
Tre Jones,CHI,STL,UNDER,1.5,0.9,-0.6,73.0,,73.0,,0.9,-0.6,0.8,,73.0,0.5,False,,False,73.0,0.73,,0.7405,2026-03-03,tre jones,15,2,2,0,0,2,19,17,17,WIN,0.0
Jaylen Wells,MEM,STL,UNDER,1.5,0.9,-0.6,73.0,,73.0,,0.9,-0.6,1.4,,73.0,0.5,False,,False,73.0,0.73,,0.7405,2026-03-03,jaylen wells,19,1,0,1,0,1,20,20,19,WIN,1.0
Mitchell Robinson,NYK,BLK,UNDER,1.5,1.2,-0.3,78.0,,78.0,,1.2,-0.3,1.2,,78.0,0.5,False,,False,78.0,0.78,,0.723,2026-03-03,mitchell robinson,2,10,0,2,0,1,12,12,2,WIN,0.0
Ty Jerome,MEM,STL,UNDER,1.5,1.0,-0.5,73.0,,73.0,,1.0,-0.5,1.4,,73.0,0.5,False,,False,73.0,0.73,,0.7205,2026-03-03,ty jerome,14,4,2,1,0,1,20,18,16,WIN,1.0
Immanuel Quickley,TOR,STL,UNDER,1.5,1.1,-0.4,73.0,,73.0,,1.1,-0.4,0.8,,73.0,0.5,False,,False,73.0,0.73,,0.7005,2026-03-03,immanuel quickley,13,3,12,2,0,2,28,16,25,LOSS,2.0
Day'Ron Sharpe,BKN,STL,UNDER,1.5,1.1,-0.4,73.0,,73.0,,1.1,-0.4,1.0,,73.0,0.5,False,,False,73.0,0.73,,0.7005,2026-03-03,dayron sharpe,10,8,4,0,0,0,22,18,14,WIN,0.0
Bam Adebayo,MIA,STL,UNDER,1.5,1.1,-0.4,73.0,,73.0,,1.1,-0.4,0.8,,73.0,0.5,False,,False,73.0,0.73,,0.7005,2026-03-03,bam adebayo,23,9,4,6,1,0,36,32,27,LOSS,6.0
Luka Dončić,LAL,STL,UNDER,1.5,1.1,-0.4,73.0,,73.0,,1.1,-0.4,0.8,,73.0,0.5,False,,False,73.0,0.73,,0.7005,2026-03-03,luka doncic,27,10,7,0,1,7,44,37,34,WIN,0.0
Chet Holmgren,OKC,BLK,UNDER,2.5,1.7,-0.8,78.0,,78.0,,1.7,-0.8,2.6,,78.0,0.5,False,,False,78.0,0.78,,0.813,2026-03-04,chet holmgren,28,8,2,0,0,3,38,36,30,WIN,0.0
Jrue Holiday,POR,STL,UNDER,1.5,0.8,-0.7,73.0,,73.0,,0.8,-0.7,1.2,,73.0,0.5,False,,False,73.0,0.73,,0.7605,2026-03-04,jrue holiday,35,5,11,1,0,3,51,40,46,WIN,1.0
Dyson Daniels,ATL,STL,UNDER,2.5,1.9,-0.6,73.0,,73.0,,1.9,-0.6,3.0,,73.0,0.5,False,,False,73.0,0.73,,0.7405,2026-03-04,dyson daniels,14,10,3,0,3,0,27,24,17,WIN,0.0
Derrick White,BOS,STL,UNDER,1.5,1.1,-0.4,73.0,,73.0,,1.1,-0.4,1.2,,73.0,0.5,False,,False,73.0,0.73,,0.7005,2026-03-04,derrick white,29,2,3,1,0,1,34,31,32,WIN,1.0
Alex Caruso,OKC,STL,UNDER,1.5,1.2,-0.3,73.0,,73.0,,1.2,-0.3,1.4,,73.0,0.5,False,,False,73.0,0.73,,0.6805,2026-03-04,alex caruso,3,4,1,2,0,1,8,7,4,LOSS,2.0
Toumani Camara,POR,STL,UNDER,1.5,1.2,-0.3,73.0,,73.0,,1.2,-0.3,1.2,,73.0,0.5,False,,False,73.0,0.73,,0.6805,2026-03-04,toumani camara,9,7,3,1,1,1,19,16,12,WIN,1.0
OG Anunoby,NYK,STL,UNDER,1.5,1.3,-0.2,73.0,,73.0,,1.3,-0.2,1.0,,73.0,0.5,False,,False,73.0,0.73,,0.6605,2026-03-04,og anunoby,16,3,0,3,2,3,19,19,16,LOSS,3.0
LaMelo Ball,CHA,STL,UNDER,1.5,1.4,-0.1,73.0,,73.0,,1.4,-0.1,2.0,,73.0,0.5,False,,False,73.0,0.73,,0.6405,2026-03-04,lamelo ball,18,7,4,0,0,0,29,25,22,WIN,0.0
Andrew Wiggins,MIA,STL,UNDER,1.5,0.7,-0.8,73.0,,73.0,,0.7,-0.8,0.4,,73.0,0.5,False,,False,73.0,0.73,,0.7705,2026-03-05,andrew wiggins,8,4,1,2,0,0,13,12,9,LOSS,2.0
Luka Dončić,LAL,STL,UNDER,1.5,0.8,-0.7,73.0,,73.0,,0.8,-0.7,0.8,,73.0,0.5,False,,False,73.0,0.73,,0.7605,2026-03-05,luka doncic,27,11,7,4,0,3,45,38,34,LOSS,4.0
Jamal Murray,DEN,STL,UNDER,1.5,0.9,-0.6,73.0,,73.0,,0.9,-0.6,1.0,,73.0,0.5,False,,False,73.0,0.73,,0.7405,2026-03-05,jamal murray,28,4,7,0,0,2,39,32,35,WIN,0.0
Immanuel Quickley,TOR,STL,UNDER,1.5,0.9,-0.6,73.0,,73.0,,0.9,-0.6,0.8,,73.0,0.5,False,,False,73.0,0.73,,0.7405,2026-03-05,immanuel quickley,18,3,7,1,0,2,28,21,25,WIN,1.0
Collin Gillespie,PHX,STL,UNDER,1.5,0.9,-0.6,73.0,,73.0,,0.9,-0.6,0.8,,73.0,0.5,False,,False,73.0,0.73,,0.7405,2026-03-05,collin gillespie,5,2,5,0,0,1,12,7,10,WIN,0.0
Grayson Allen,PHX,STL,UNDER,1.5,1.1,-0.4,73.0,,73.0,,1.1,-0.4,1.2,,73.0,0.5,False,,False,73.0,0.73,,0.7005,2026-03-05,grayson allen,21,2,8,1,0,2,31,23,29,WIN,1.0
Rudy Gobert,MIN,BLK,UNDER,1.5,1.4,-0.1,78.0,,78.0,,1.4,-0.1,1.8,,78.0,0.5,False,,False,78.0,0.78,,0.683,2026-03-05,rudy gobert,18,12,5,1,3,0,35,30,23,LOSS,3.0
Daniel Gafford,DAL,BLK,UNDER,1.5,1.4,-0.1,78.0,,78.0,,1.4,-0.1,0.8,,78.0,0.5,False,,False,78.0,0.78,,0.683,2026-03-05,daniel gafford,12,13,1,0,2,1,26,25,13,LOSS,2.0
Alperen Sengun,HOU,STL,UNDER,1.5,1.2,-0.3,73.0,,73.0,,1.2,-0.3,1.2,,73.0,0.5,False,,False,73.0,0.73,,0.6805,2026-03-05,alperen sengun,17,7,7,1,0,5,31,24,24,WIN,1.0
Tari Eason,HOU,STL,UNDER,1.5,1.2,-0.3,73.0,,73.0,,1.2,-0.3,1.0,,73.0,0.5,False,,False,73.0,0.73,,0.6805,2026-03-05,tari eason,9,5,2,1,0,0,16,14,11,WIN,1.0
Collin Gillespie,PHX,STL,UNDER,1.5,0.8,-0.7,73.0,,73.0,,0.8,-0.7,0.6,,73.0,0.5,False,,False,73.0,0.73,,0.7605,2026-03-06,collin gillespie,12,6,6,1,0,1,24,18,18,WIN,1.0
Mitchell Robinson,NYK,BLK,UNDER,1.5,1.1,-0.4,78.0,,78.0,,1.1,-0.4,1.0,,78.0,0.5,False,,False,78.0,0.78,,0.743,2026-03-06,mitchell robinson,13,5,1,0,0,1,19,18,14,WIN,0.0
Neemias Queta,BOS,BLK,UNDER,1.5,1.2,-0.3,78.0,,78.0,,1.2,-0.3,1.6,,78.0,0.5,False,,False,78.0,0.78,,0.723,2026-03-06,neemias queta,16,15,0,1,1,1,31,31,16,WIN,1.0
Alperen Sengun,HOU,STL,UNDER,1.5,1.0,-0.5,73.0,,73.0,,1.0,-0.5,1.2,,73.0,0.5,False,,False,73.0,0.73,,0.7205,2026-03-06,alperen sengun,28,6,2,0,1,6,36,34,30,WIN,0.0
Tari Eason,HOU,STL,UNDER,1.5,1.0,-0.5,73.0,,73.0,,1.0,-0.5,1.0,,73.0,0.5,False,,False,73.0,0.73,,0.7205,2026-03-06,tari eason,5,5,0,2,2,0,10,10,5,LOSS,2.0
Jarace Walker,IND,STL,UNDER,1.5,1.0,-0.5,73.0,,73.0,,1.0,-0.5,0.8,,73.0,0.5,False,,False,73.0,0.73,,0.7205,2026-03-06,jarace walker,10,9,5,1,0,2,24,19,15,WIN,1.0
Derrick White,BOS,STL,UNDER,1.5,1.1,-0.4,73.0,,73.0,,1.1,-0.4,1.2,,73.0,0.5,False,,False,73.0,0.73,,0.7005,2026-03-06,derrick white,20,4,4,2,2,0,28,24,24,LOSS,2.0
Stephon Castle,SAS,STL,UNDER,1.5,1.1,-0.4,73.0,,73.0,,1.1,-0.4,1.4,,73.0,0.5,False,,False,73.0,0.73,,0.7005,2026-03-06,stephon castle,6,8,8,0,0,4,22,14,14,WIN,0.0
Grayson Allen,PHX,STL,UNDER,1.5,1.1,-0.4,73.0,,73.0,,1.1,-0.4,1.2,,73.0,0.5,False,,False,73.0,0.73,,0.7005,2026-03-06,grayson allen,12,2,8,4,0,1,22,14,20,LOSS,4.0
Luka Dončić,LAL,STL,UNDER,1.5,1.2,-0.3,73.0,,73.0,,1.2,-0.3,1.6,,73.0,0.5,False,,False,73.0,0.73,,0.6805,2026-03-06,luka doncic,44,9,5,3,2,3,58,53,49,LOSS,3.0
Adem Bona,PHI,BLK,UNDER,1.5,0.9,-0.6,78.0,,78.0,,0.9,-0.6,0.8,,78.0,0.5,False,,False,78.0,0.78,,0.783,2026-03-07,adem bona,4,7,3,0,1,1,14,11,7,WIN,1.0
GG Jackson,MEM,BLK,UNDER,1.5,1.3,-0.2,78.0,,78.0,,1.3,-0.2,1.8,,78.0,0.5,False,,False,78.0,0.78,,0.703,2026-03-07,gg jackson,14,7,1,1,1,2,22,21,15,WIN,1.0
Davion Mitchell,MIA,STL,UNDER,1.5,0.6,-0.9,73.0,,73.0,,0.6,-0.9,0.6,,73.0,0.5,False,,False,73.0,0.73,,0.7705,2026-03-08,davion mitchell,8,2,4,1,0,0,14,10,12,WIN,1.0
Jrue Holiday,POR,STL,UNDER,1.5,0.9,-0.6,73.0,,73.0,,0.9,-0.6,1.2,,73.0,0.5,False,,False,73.0,0.73,,0.7405,2026-03-08,jrue holiday,21,3,3,0,1,2,27,24,24,WIN,0.0
Alex Sarr,WAS,BLK,UNDER,1.5,1.2,-0.3,78.0,,78.0,,1.2,-0.3,0.6,,78.0,0.5,False,,False,78.0,0.78,,0.723,2026-03-08,alex sarr,7,4,1,0,1,1,12,11,8,WIN,1.0
Josh Giddey,CHI,STL,UNDER,1.5,1.1,-0.4,73.0,,73.0,,1.1,-0.4,1.6,,73.0,0.5,False,,False,73.0,0.73,,0.7005,2026-03-08,josh giddey,15,12,10,1,0,3,37,27,25,WIN,1.0
Victor Wembanyama,SAS,STL,UNDER,1.5,1.1,-0.4,73.0,,73.0,,1.1,-0.4,1.2,,73.0,0.5,False,,False,73.0,0.73,,0.7005,2026-03-08,victor wembanyama,29,8,1,2,4,0,38,37,30,LOSS,2.0
Stephon Castle,SAS,STL,UNDER,1.5,1.1,-0.4,73.0,,73.0,,1.1,-0.4,1.2,,73.0,0.5,False,,False,73.0,0.73,,0.7005,2026-03-08,stephon castle,23,3,5,0,0,2,31,26,28,WIN,0.0
Kel'el Ware,MIA,BLK,UNDER,1.5,1.4,-0.1,78.0,,78.0,,1.4,-0.1,2.4,,78.0,0.5,False,,False,78.0,0.78,,0.683,2026-03-08,kelel ware,12,6,0,2,2,1,18,18,12,LOSS,2.0
Bam Adebayo,MIA,STL,UNDER,1.5,1.2,-0.3,73.0,,73.0,,1.2,-0.3,2.0,,73.0,0.5,False,,False,73.0,0.73,,0.6805,2026-03-08,bam adebayo,24,9,6,1,1,2,39,33,30,WIN,1.0
Trey Murphy III,NOP,STL,UNDER,1.5,1.3,-0.2,73.0,,73.0,,1.3,-0.2,1.6,,73.0,0.5,False,,False,73.0,0.73,,0.6605,2026-03-08,trey murphy iii,24,5,4,1,0,0,33,29,28,WIN,1.0
De'Aaron Fox,SAS,STL,UNDER,1.5,1.3,-0.2,73.0,,73.0,,1.3,-0.2,1.2,,73.0,0.5,False,,False,73.0,0.73,,0.6605,2026-03-08,deaaron fox,20,2,10,0,0,2,32,22,30,WIN,0.0
Adem Bona,PHI,BLK,UNDER,1.5,1.0,-0.5,78.0,,78.0,,1.0,-0.5,0.8,,78.0,0.5,False,,False,78.0,0.78,,0.763,2026-03-09,adem bona,8,7,0,0,0,0,15,15,8,WIN,0.0
Day'Ron Sharpe,BKN,STL,UNDER,1.5,0.9,-0.6,73.0,,73.0,,0.9,-0.6,0.6,,73.0,0.5,False,,False,73.0,0.73,,0.7405,2026-03-09,dayron sharpe,19,5,2,2,1,2,26,24,21,LOSS,2.0
Nikola Jokić,DEN,STL,UNDER,1.5,1.2,-0.3,73.0,,73.0,,1.2,-0.3,1.0,,73.0,0.5,False,,False,73.0,0.73,,0.6805,2026-03-09,nikola jokic,32,14,13,0,1,3,59,46,45,WIN,0.0
Mikal Bridges,NYK,STL,UNDER,1.5,1.4,-0.1,73.0,,73.0,,1.4,-0.1,1.2,,73.0,0.5,False,,False,73.0,0.73,,0.6405,2026-03-09,mikal bridges,7,7,4,2,0,1,18,14,11,LOSS,2.0
Neemias Queta,BOS,BLK,UNDER,1.5,1.3,-0.2,78.0,,78.0,,1.3,-0.2,1.2,,78.0,0.5,False,,False,78.0,0.78,,0.703,2026-03-10,neemias queta,5,4,1,0,1,0,10,9,6,WIN,1.0
Alex Sarr,WAS,BLK,UNDER,1.5,1.3,-0.2,78.0,,78.0,,1.3,-0.2,0.4,,78.0,0.5,False,,False,78.0,0.78,,0.703,2026-03-10,alex sarr,28,6,1,0,2,1,35,34,29,LOSS,2.0
GG Jackson,MEM,BLK,UNDER,1.5,1.3,-0.2,78.0,,78.0,,1.3,-0.2,1.6,,78.0,0.5,False,,False,78.0,0.78,,0.703,2026-03-10,gg jackson,15,3,2,0,0,6,20,18,17,WIN,0.0
Immanuel Quickley,TOR,STL,UNDER,1.5,1.1,-0.4,73.0,,73.0,,1.1,-0.4,1.2,,73.0,0.5,False,,False,73.0,0.73,,0.7005,2026-03-10,immanuel quickley,12,4,6,1,0,1,22,16,18,WIN,1.0
Stephon Castle,SAS,STL,UNDER,1.5,1.1,-0.4,73.0,,73.0,,1.1,-0.4,0.8,,73.0,0.5,False,,False,73.0,0.73,,0.7005,2026-03-10,stephon castle,18,9,6,0,0,2,33,27,24,WIN,0.0
Brandon Miller,CHA,STL,UNDER,1.5,1.1,-0.4,73.0,,73.0,,1.1,-0.4,1.2,,73.0,0.5,False,,False,73.0,0.73,,0.7005,2026-03-10,brandon miller,23,9,4,3,0,4,36,32,27,LOSS,3.0
Victor Wembanyama,SAS,STL,UNDER,1.5,1.2,-0.3,73.0,,73.0,,1.2,-0.3,1.2,,73.0,0.5,False,,False,73.0,0.73,,0.6805,2026-03-10,victor wembanyama,39,11,3,1,2,6,53,50,42,WIN,1.0
Tari Eason,HOU,STL,UNDER,1.5,1.2,-0.3,73.0,,73.0,,1.2,-0.3,1.0,,73.0,0.5,False,,False,73.0,0.73,,0.6805,2026-03-10,tari eason,8,3,1,2,0,1,12,11,9,LOSS,2.0
Bam Adebayo,MIA,STL,UNDER,1.5,1.3,-0.2,73.0,,73.0,,1.3,-0.2,2.0,,73.0,0.5,False,,False,73.0,0.73,,0.6605,2026-03-10,bam adebayo,83,9,3,2,2,5,95,92,86,LOSS,2.0
Bilal Coulibaly,WAS,STL,UNDER,1.5,1.3,-0.2,73.0,,73.0,,1.3,-0.2,1.0,,73.0,0.5,False,,False,73.0,0.73,,0.6605,2026-03-10,bilal coulibaly,10,6,7,1,0,1,23,16,17,WIN,1.0
Brook Lopez,LAC,BLK,UNDER,1.5,0.5,-1.0,78.0,,78.0,,0.5,-1.0,0.2,,78.0,0.5,False,,False,78.0,0.78,,0.813,2026-03-11,brook lopez,3,3,0,0,1,1,6,6,3,WIN,1.0
Moussa Diabaté,CHA,BLK,UNDER,1.5,1.1,-0.4,78.0,,78.0,,1.1,-0.4,1.6,,78.0,0.5,False,,False,78.0,0.78,,0.743,2026-03-11,moussa diabate,2,10,2,1,0,0,14,12,4,WIN,0.0
Tari Eason,HOU,STL,UNDER,1.5,1.1,-0.4,73.0,,73.0,,1.1,-0.4,1.2,,73.0,0.5,False,,False,73.0,0.73,,0.7005,2026-03-11,tari eason,8,8,2,1,0,1,18,16,10,WIN,1.0
Rudy Gobert,MIN,BLK,UNDER,1.5,1.4,-0.1,78.0,,78.0,,1.4,-0.1,1.0,,78.0,0.5,False,,False,78.0,0.78,,0.683,2026-03-11,rudy gobert,9,5,4,0,0,1,18,14,13,WIN,0.0
Nikola Jokić,DEN,STL,UNDER,1.5,1.2,-0.3,73.0,,73.0,,1.2,-0.3,0.8,,73.0,0.5,False,,False,73.0,0.73,,0.6805,2026-03-11,nikola jokic,16,12,13,5,1,5,41,28,29,LOSS,5.0
Brandon Miller,CHA,STL,UNDER,1.5,1.3,-0.2,73.0,,73.0,,1.3,-0.2,1.8,,73.0,0.5,False,,False,73.0,0.73,,0.6605,2026-03-11,brandon miller,20,3,5,2,0,3,28,23,25,LOSS,2.0
Reed Sheppard,HOU,STL,UNDER,1.5,1.3,-0.2,73.0,,73.0,,1.3,-0.2,1.6,,73.0,0.5,False,,False,73.0,0.73,,0.6605,2026-03-11,reed sheppard,9,2,2,2,1,3,13,11,11,LOSS,2.0
Trey Murphy III,NOP,STL,UNDER,1.5,1.4,-0.1,73.0,,73.0,,1.4,-0.1,1.8,,73.0,0.5,False,,False,73.0,0.73,,0.6405,2026-03-11,trey murphy iii,28,7,3,3,0,3,38,35,31,LOSS,3.0
Davion Mitchell,MIA,STL,UNDER,1.5,0.7,-0.8,73.0,,73.0,,0.7,-0.8,0.8,,73.0,0.5,False,,False,73.0,0.73,,0.7705,2026-03-12,davion mitchell,13,5,5,1,0,0,23,18,18,WIN,1.0
Daniel Gafford,DAL,BLK,UNDER,1.5,1.0,-0.5,78.0,,78.0,,1.0,-0.5,0.8,,78.0,0.5,False,,False,78.0,0.78,,0.763,2026-03-12,daniel gafford,22,14,1,0,1,2,37,36,23,WIN,1.0
Myles Turner,MIL,BLK,UNDER,1.5,1.1,-0.4,78.0,,78.0,,1.1,-0.4,1.0,,78.0,0.5,False,,False,78.0,0.78,,0.743,2026-03-12,myles turner,7,4,2,0,1,1,13,11,9,WIN,1.0
Neemias Queta,BOS,BLK,UNDER,1.5,1.3,-0.2,78.0,,78.0,,1.3,-0.2,1.2,,78.0,0.5,False,,False,78.0,0.78,,0.703,2026-03-12,neemias queta,4,10,0,1,2,1,14,14,4,LOSS,2.0
De'Aaron Fox,SAS,STL,UNDER,1.5,1.1,-0.4,73.0,,73.0,,1.1,-0.4,1.0,,73.0,0.5,False,,False,73.0,0.73,,0.7005,2026-03-12,deaaron fox,27,3,9,1,0,4,39,30,36,WIN,1.0
Bilal Coulibaly,WAS,STL,UNDER,1.5,1.1,-0.4,73.0,,73.0,,1.1,-0.4,1.0,,73.0,0.5,False,,False,73.0,0.73,,0.7005,2026-03-12,bilal coulibaly,29,5,5,1,1,3,39,34,34,WIN,1.0
Alex Sarr,WAS,BLK,UNDER,1.5,1.4,-0.1,78.0,,78.0,,1.4,-0.1,0.8,,78.0,0.5,False,,False,78.0,0.78,,0.683,2026-03-12,alex sarr,16,4,0,2,5,1,20,20,16,LOSS,5.0
Josh Giddey,CHI,STL,UNDER,1.5,1.2,-0.3,73.0,,73.0,,1.2,-0.3,1.0,,73.0,0.5,False,,False,73.0,0.73,,0.6805,2026-03-12,josh giddey,27,8,15,2,0,6,50,35,42,LOSS,2.0
Austin Reaves,LAL,STL,UNDER,1.5,1.3,-0.2,73.0,,73.0,,1.3,-0.2,1.6,,73.0,0.5,False,,False,73.0,0.73,,0.6605,2026-03-12,austin reaves,30,5,7,1,0,3,42,35,37,WIN,1.0
Bruce Brown,DEN,STL,UNDER,1.5,1.3,-0.2,73.0,,73.0,,1.3,-0.2,0.6,,73.0,0.5,False,,False,73.0,0.73,,0.6605,2026-03-12,bruce brown,6,1,0,0,0,0,7,7,6,WIN,0.0
Jrue Holiday,POR,STL,UNDER,1.5,1.0,-0.5,73.0,,73.0,,1.0,-0.5,0.8,,73.0,0.5,False,,False,73.0,0.73,,0.7205,2026-03-13,jrue holiday,25,5,8,1,1,3,38,30,33,WIN,1.0
Rudy Gobert,MIN,BLK,UNDER,1.5,1.3,-0.2,78.0,,78.0,,1.3,-0.2,0.8,,78.0,0.5,False,,False,78.0,0.78,,0.703,2026-03-13,rudy gobert,18,9,2,1,1,2,29,27,20,WIN,1.0
Will Richard,GSW,STL,UNDER,1.5,1.1,-0.4,73.0,,73.0,,1.1,-0.4,1.8,,73.0,0.5,False,,False,73.0,0.73,,0.7005,2026-03-13,will richard,0,5,0,1,0,1,5,5,0,WIN,1.0
Brandin Podziemski,GSW,STL,UNDER,1.5,1.1,-0.4,73.0,,73.0,,1.1,-0.4,1.2,,73.0,0.5,False,,False,73.0,0.73,,0.7005,2026-03-13,brandin podziemski,25,10,2,0,0,0,37,35,27,WIN,0.0
Scottie Barnes,TOR,BLK,UNDER,1.5,1.4,-0.1,78.0,,78.0,,1.4,-0.1,0.8,,78.0,0.5,False,,False,78.0,0.78,,0.683,2026-03-13,scottie barnes,14,6,4,1,2,3,24,20,18,LOSS,2.0
Tari Eason,HOU,STL,UNDER,1.5,1.2,-0.3,73.0,,73.0,,1.2,-0.3,1.4,,73.0,0.5,False,,False,73.0,0.73,,0.6805,2026-03-13,tari eason,4,8,0,1,0,3,12,12,4,WIN,1.0
Ty Jerome,MEM,STL,UNDER,1.5,1.3,-0.2,73.0,,73.0,,1.3,-0.2,1.4,,73.0,0.5,False,,False,73.0,0.73,,0.6605,2026-03-13,ty jerome,21,1,3,0,0,3,25,22,24,WIN,0.0
Josh Giddey,CHI,STL,UNDER,1.5,1.3,-0.2,73.0,,73.0,,1.3,-0.2,1.2,,73.0,0.5,False,,False,73.0,0.73,,0.6605,2026-03-13,josh giddey,20,11,10,2,1,2,41,31,30,LOSS,2.0
Donte DiVincenzo,MIN,STL,UNDER,1.5,1.3,-0.2,73.0,,73.0,,1.3,-0.2,1.2,,73.0,0.5,False,,False,73.0,0.73,,0.6605,2026-03-13,donte divincenzo,7,6,1,1,0,0,14,13,8,WIN,1.0
Immanuel Quickley,TOR,STL,UNDER,1.5,1.3,-0.2,73.0,,73.0,,1.3,-0.2,1.8,,73.0,0.5,False,,False,73.0,0.73,,0.6605,2026-03-13,immanuel quickley,17,4,1,0,0,1,22,21,18,WIN,0.0
Adem Bona,PHI,BLK,UNDER,1.5,0.6,-0.9,78.0,,78.0,,0.6,-0.9,0.4,,78.0,0.5,False,,False,78.0,0.78,,0.813,2026-03-14,adem bona,9,10,0,1,3,2,19,19,9,LOSS,3.0
Brook Lopez,LAC,BLK,UNDER,1.5,0.7,-0.8,78.0,,78.0,,0.7,-0.8,1.4,,78.0,0.5,False,,False,78.0,0.78,,0.813,2026-03-14,brook lopez,0,0,2,1,2,0,2,0,2,LOSS,2.0
Myles Turner,MIL,BLK,UNDER,1.5,1.0,-0.5,78.0,,78.0,,1.0,-0.5,1.0,,78.0,0.5,False,,False,78.0,0.78,,0.763,2026-03-14,myles turner,8,6,3,0,0,1,17,14,11,WIN,0.0
Moussa Diabaté,CHA,BLK,UNDER,1.5,1.1,-0.4,78.0,,78.0,,1.1,-0.4,1.4,,78.0,0.5,False,,False,78.0,0.78,,0.743,2026-03-14,moussa diabate,4,5,3,0,0,1,12,9,7,WIN,0.0
Bilal Coulibaly,WAS,STL,UNDER,1.5,1.1,-0.4,73.0,,73.0,,1.1,-0.4,1.0,,73.0,0.5,False,,False,73.0,0.73,,0.7005,2026-03-14,bilal coulibaly,12,4,1,1,2,1,17,16,13,WIN,1.0
De'Aaron Fox,SAS,STL,UNDER,1.5,1.1,-0.4,73.0,,73.0,,1.1,-0.4,1.0,,73.0,0.5,False,,False,73.0,0.73,,0.7005,2026-03-14,deaaron fox,17,6,4,2,1,1,27,23,21,LOSS,2.0
Derrick White,BOS,BLK,UNDER,1.5,1.4,-0.1,78.0,,78.0,,1.4,-0.1,0.6,,78.0,0.5,False,,False,78.0,0.78,,0.683,2026-03-14,derrick white,15,6,5,1,1,2,26,21,20,WIN,1.0
Victor Wembanyama,SAS,STL,UNDER,1.5,1.2,-0.3,73.0,,73.0,,1.2,-0.3,1.4,,73.0,0.5,False,,False,73.0,0.73,,0.6805,2026-03-14,victor wembanyama,32,12,8,2,4,2,52,44,40,LOSS,2.0
VJ Edgecombe,PHI,STL,UNDER,1.5,1.3,-0.2,73.0,,73.0,,1.3,-0.2,1.6,,73.0,0.5,False,,False,73.0,0.73,,0.6605,2026-03-14,vj edgecombe,16,4,7,2,1,4,27,20,23,LOSS,2.0
Precious Achiuwa,SAC,BLK,UNDER,1.5,1.3,-0.2,78.0,,78.0,,1.3,-0.2,1.6,,78.0,0.5,False,,False,78.0,0.78,,0.703,2026-03-15,precious achiuwa,20,11,1,2,1,2,32,31,21,WIN,1.0
Jalen Smith,CHI,BLK,UNDER,1.5,0.6,-0.9,78.0,,78.0,,0.6,-0.9,1.0,,78.0,0.5,False,,False,78.0,0.78,,0.813,2026-03-16,jalen smith,13,5,0,0,0,1,18,18,13,WIN,0.0
Deandre Ayton,LAL,BLK,UNDER,2.0,0.6,-1.4,78.0,,78.0,,0.6,-1.4,0.6,,78.0,0.5,False,,False,78.0,0.78,,0.813,2026-03-16,deandre ayton,7,11,0,1,1,1,18,18,7,WIN,1.0
P.J. Washington,DAL,BLK,UNDER,1.5,0.6,-0.9,78.0,,78.0,,0.6,-0.9,0.6,,78.0,0.5,False,,False,78.0,0.78,,0.813,2026-03-16,pj washington,18,7,2,1,0,0,27,25,20,WIN,0.0
Nic Claxton,BKN,BLK,UNDER,1.5,0.7,-0.8,78.0,,78.0,,0.7,-0.8,1.0,,78.0,0.5,False,,False,78.0,0.78,,0.813,2026-03-16,nic claxton,12,11,1,0,2,0,24,23,13,LOSS,2.0
Tristan Vukcevic,WAS,BLK,UNDER,1.5,0.6,-0.9,78.0,,78.0,,0.6,-0.9,0.4,,78.0,0.5,False,,False,78.0,0.78,,0.813,2026-03-16,tristan vukcevic,11,2,1,0,1,2,14,13,12,WIN,1.0
Deni Avdija,POR,BLK,UNDER,1.5,0.8,-0.7,78.0,,78.0,,0.8,-0.7,1.0,,78.0,0.5,False,,False,78.0,0.78,,0.803,2026-03-16,deni avdija,18,6,5,1,1,4,29,24,23,WIN,1.0
Bilal Coulibaly,WAS,BLK,UNDER,1.5,0.9,-0.6,78.0,,78.0,,0.9,-0.6,0.6,,78.0,0.5,False,,False,78.0,0.78,,0.783,2026-03-16,bilal coulibaly,21,8,4,1,0,2,33,29,25,WIN,0.0
Brook Lopez,LAC,BLK,UNDER,1.5,0.9,-0.6,78.0,,78.0,,0.9,-0.6,1.8,,78.0,0.5,False,,False,78.0,0.78,,0.783,2026-03-16,brook lopez,3,1,1,1,2,0,5,4,4,LOSS,2.0
Will Riley,WAS,STL,UNDER,1.5,0.7,-0.8,73.0,,73.0,,0.7,-0.8,0.2,,73.0,0.5,False,,False,73.0,0.73,,0.7705,2026-03-16,will riley,21,4,5,0,0,3,30,25,26,WIN,0.0
Tre Jones,CHI,STL,UNDER,1.5,0.7,-0.8,73.0,,73.0,,0.7,-0.8,1.0,,73.0,0.5,False,,False,73.0,0.73,,0.7705,2026-03-16,tre jones,17,5,5,2,1,3,27,22,22,LOSS,2.0
Aaron Nesmith,IND,BLK,UNDER,1.5,0.6,-0.9,78.0,,78.0,,0.6,-0.9,0.8,,78.0,0.5,False,,False,78.0,0.78,,0.813,2026-03-17,aaron nesmith,14,1,0,0,0,0,15,15,14,WIN,0.0
Cade Cunningham,DET,BLK,UNDER,1.5,0.5,-1.0,78.0,,78.0,,0.5,-1.0,0.2,,78.0,0.5,False,,False,78.0,0.78,,0.813,2026-03-17,cade cunningham,6,2,0,1,0,1,8,8,6,WIN,0.0
Chet Holmgren,OKC,BLK,UNDER,2.5,1.6,-0.9,78.0,,78.0,,1.6,-0.9,1.0,,78.0,0.5,False,,False,78.0,0.78,,0.813,2026-03-17,chet holmgren,20,12,1,0,1,0,33,32,21,WIN,1.0
Jalen Suggs,ORL,BLK,UNDER,1.5,0.7,-0.8,78.0,,78.0,,0.7,-0.8,0.2,,78.0,0.5,False,,False,78.0,0.78,,0.813,2026-03-17,jalen suggs,14,7,6,1,1,2,27,21,20,WIN,1.0
OG Anunoby,NYK,BLK,UNDER,1.5,0.5,-1.0,78.0,,78.0,,0.5,-1.0,0.2,,78.0,0.5,False,,False,78.0,0.78,,0.813,2026-03-17,og anunoby,26,8,4,1,0,1,38,34,30,WIN,0.0
Ivica Zubac,IND,BLK,UNDER,2.0,0.3,-1.7,78.0,,78.0,,0.3,-1.7,0.6,,78.0,0.5,False,,False,78.0,0.78,,0.813,2026-03-17,ivica zubac,11,7,1,1,2,0,19,18,12,PUSH,2.0
Adem Bona,PHI,BLK,UNDER,1.5,0.9,-0.6,78.0,,78.0,,0.9,-0.6,1.0,,78.0,0.5,False,,False,78.0,0.78,,0.783,2026-03-17,adem bona,6,3,1,1,3,1,10,9,7,LOSS,3.0
Mitchell Robinson,NYK,BLK,UNDER,1.5,0.9,-0.6,78.0,,78.0,,0.9,-0.6,0.8,,78.0,0.5,False,,False,78.0,0.78,,0.783,2026-03-17,mitchell robinson,8,8,3,1,0,1,19,16,11,WIN,0.0
Tyler Herro,MIA,STL,UNDER,1.5,0.5,-1.0,73.0,,73.0,,0.5,-1.0,0.4,,73.0,0.5,False,,False,73.0,0.73,,0.7705,2026-03-17,tyler herro,20,8,5,1,0,4,33,28,25,WIN,1.0
Aaron Gordon,DEN,STL,UNDER,1.5,0.7,-0.8,73.0,,73.0,,0.7,-0.8,0.6,,73.0,0.5,False,,False,73.0,0.73,,0.7705,2026-03-17,aaron gordon,12,5,2,1,0,2,19,17,14,WIN,1.0
Cody Williams,UTA,BLK,UNDER,1.5,0.5,-1.0,78.0,,78.0,,0.5,-1.0,0.6,,78.0,0.5,False,,False,78.0,0.78,,0.813,2026-03-18,cody williams,7,5,2,1,0,0,14,12,9,WIN,0.0
Chet Holmgren,OKC,BLK,UNDER,2.5,1.5,-1.0,78.0,,78.0,,1.5,-1.0,0.8,,78.0,0.5,False,,False,78.0,0.78,,0.813,2026-03-18,chet holmgren,11,2,1,1,1,3,14,13,12,WIN,1.0
Jalen Smith,CHI,BLK,UNDER,1.5,0.6,-0.9,78.0,,78.0,,0.6,-0.9,0.4,,78.0,0.5,False,,False,78.0,0.78,,0.813,2026-03-18,jalen smith,10,4,1,1,0,3,15,14,11,WIN,0.0
Jaden McDaniels,MIN,BLK,UNDER,1.5,0.2,-1.3,78.0,,78.0,,0.2,-1.3,0.4,,78.0,0.5,False,,False,78.0,0.78,,0.813,2026-03-18,jaden mcdaniels,17,2,3,1,1,1,22,19,20,WIN,1.0
P.J. Washington,DAL,BLK,UNDER,1.5,0.6,-0.9,78.0,,78.0,,0.6,-0.9,0.4,,78.0,0.5,False,,False,78.0,0.78,,0.813,2026-03-18,pj washington,23,9,1,0,2,3,33,32,24,LOSS,2.0
Rudy Gobert,MIN,BLK,UNDER,3.0,1.3,-1.7,78.0,,78.0,,1.3,-1.7,1.0,,78.0,0.5,False,,False,78.0,0.78,,0.813,2026-03-18,rudy gobert,21,12,0,1,2,3,33,33,21,WIN,2.0
Jaylin Williams,OKC,BLK,UNDER,1.5,0.6,-0.9,78.0,,78.0,,0.6,-0.9,0.4,,78.0,0.5,False,,False,78.0,0.78,,0.813,2026-03-18,jaylin williams,6,7,2,0,0,0,15,13,8,WIN,0.0
Ace Bailey,UTA,BLK,UNDER,1.5,0.7,-0.8,78.0,,78.0,,0.7,-0.8,0.4,,78.0,0.5,False,,False,78.0,0.78,,0.813,2026-03-18,ace bailey,17,2,2,0,1,3,21,19,19,WIN,1.0
Herbert Jones,NOP,BLK,UNDER,1.5,0.4,-1.1,78.0,,78.0,,0.4,-1.1,0.6,,78.0,0.5,False,,False,78.0,0.78,,0.813,2026-03-18,herbert jones,7,3,3,5,0,2,13,10,10,WIN,0.0
Leonard Miller,CHI,BLK,UNDER,1.5,0.8,-0.7,78.0,,78.0,,0.8,-0.7,0.6,,78.0,0.5,False,,False,78.0,0.78,,0.803,2026-03-18,leonard miller,13,4,0,0,0,0,17,17,13,WIN,0.0
Myles Turner,MIL,BLK,UNDER,2.5,0.9,-1.6,78.0,,78.0,,0.9,-1.6,0.6,,78.0,0.5,False,,False,78.0,0.78,,0.813,2026-03-19,myles turner,3,3,1,1,0,4,7,6,4,WIN,0.0
Luke Kornet,SAS,BLK,UNDER,1.5,0.6,-0.9,78.0,,78.0,,0.6,-0.9,0.6,,78.0,0.5,False,,False,78.0,0.78,,0.813,2026-03-19,luke kornet,1,4,0,0,0,0,5,5,1,WIN,0.0
Evan Mobley,CLE,BLK,UNDER,3.0,2.0,-1.0,78.0,,78.0,,2.0,-1.0,2.4,,78.0,0.5,False,,False,78.0,0.78,,0.813,2026-03-19,evan mobley,26,14,3,1,0,0,43,40,29,WIN,0.0
Jalen Suggs,ORL,BLK,UNDER,1.5,0.7,-0.8,78.0,,78.0,,0.7,-0.8,0.4,,78.0,0.5,False,,False,78.0,0.78,,0.813,2026-03-19,jalen suggs,9,0,1,2,1,2,10,9,10,WIN,1.0
Goga Bitadze,ORL,BLK,UNDER,1.5,0.3,-1.2,78.0,,78.0,,0.3,-1.2,0.0,,78.0,0.5,False,,False,78.0,0.78,,0.813,2026-03-19,goga bitadze,4,2,1,1,1,0,7,6,5,WIN,1.0
Zion Williamson,NOP,BLK,UNDER,1.5,0.4,-1.1,78.0,,78.0,,0.4,-1.1,0.6,,78.0,0.5,False,,False,78.0,0.78,,0.813,2026-03-19,zion williamson,15,5,2,3,0,2,22,20,17,WIN,0.0
Ryan Rollins,MIL,BLK,UNDER,1.5,0.5,-1.0,78.0,,78.0,,0.5,-1.0,0.6,,78.0,0.5,False,,False,78.0,0.78,,0.813,2026-03-19,ryan rollins,15,3,5,0,0,3,23,18,20,WIN,0.0
Victor Wembanyama,SAS,BLK,UNDER,4.5,3.6,-0.9,78.0,,78.0,,3.6,-0.9,3.0,,78.0,0.5,False,,False,78.0,0.78,,0.813,2026-03-19,victor wembanyama,34,12,1,3,1,3,47,46,35,WIN,1.0
Adem Bona,PHI,BLK,UNDER,2.0,1.1,-0.9,78.0,,78.0,,1.1,-0.9,1.4,,78.0,0.5,False,,False,78.0,0.78,,0.813,2026-03-19,adem bona,8,10,0,2,0,2,18,18,8,WIN,0.0
Cody Williams,UTA,BLK,UNDER,1.5,0.4,-1.1,78.0,,78.0,,0.4,-1.1,0.6,,78.0,0.5,False,,False,78.0,0.78,,0.813,2026-03-19,cody williams,23,3,5,1,0,1,31,26,28,WIN,0.0
Rudy Gobert,MIN,BLK,UNDER,2.5,1.2,-1.3,78.0,,78.0,,1.2,-1.3,1.4,,78.0,0.5,False,,False,78.0,0.78,,0.813,2026-03-20,rudy gobert,18,15,1,2,1,0,34,33,19,WIN,1.0
Karl-Anthony Towns,NYK,BLK,UNDER,1.5,0.5,-1.0,78.0,,78.0,,0.5,-1.0,0.8,,78.0,0.5,False,,False,78.0,0.78,,0.813,2026-03-20,karlanthony towns,26,15,1,1,0,4,42,41,27,WIN,0.0
Kristaps Porziņģis,GSW,BLK,UNDER,2.5,1.3,-1.2,78.0,,78.0,,1.3,-1.2,2.2,,78.0,0.5,False,,False,78.0,0.78,,0.813,2026-03-20,kristaps porzingis,5,3,0,0,2,1,8,8,5,WIN,2.0
Mitchell Robinson,NYK,BLK,UNDER,2.0,0.9,-1.1,78.0,,78.0,,0.9,-1.1,0.8,,78.0,0.5,False,,False,78.0,0.78,,0.813,2026-03-20,mitchell robinson,3,10,0,1,3,2,13,13,3,LOSS,3.0
Danny Wolf,BKN,BLK,UNDER,1.5,0.8,-0.7,78.0,,78.0,,0.8,-0.7,1.0,,78.0,0.5,False,,False,78.0,0.78,,0.803,2026-03-20,danny wolf,8,6,2,1,0,1,16,14,10,WIN,0.0
Alperen Sengun,HOU,BLK,UNDER,1.5,0.9,-0.6,78.0,,78.0,,0.9,-0.6,0.8,,78.0,0.5,False,,False,78.0,0.78,,0.783,2026-03-20,alperen sengun,15,9,10,2,0,6,34,24,25,WIN,0.0
Donte DiVincenzo,MIN,STL,UNDER,2.5,1.1,-1.4,73.0,,73.0,,1.1,-1.4,0.8,,73.0,0.5,False,,False,73.0,0.73,,0.7705,2026-03-20,donte divincenzo,13,4,2,1,2,4,19,17,15,WIN,1.0
Ayo Dosunmu,MIN,STL,UNDER,3.0,0.9,-2.1,73.0,,73.0,,0.9,-2.1,0.6,,73.0,0.5,False,,False,73.0,0.73,,0.7705,2026-03-20,ayo dosunmu,17,10,8,0,0,2,35,27,25,WIN,0.0
Ausar Thompson,DET,STL,UNDER,2.5,1.6,-0.9,73.0,,73.0,,1.6,-0.9,1.2,,73.0,0.5,False,,False,73.0,0.73,,0.7705,2026-03-20,ausar thompson,8,3,4,7,1,5,15,11,12,LOSS,7.0
Amen Thompson,HOU,STL,UNDER,2.5,1.4,-1.1,73.0,,73.0,,1.4,-1.1,0.8,,73.0,0.5,False,,False,73.0,0.73,,0.7705,2026-03-20,amen thompson,14,7,4,1,0,1,25,21,18,WIN,1.0
Quinten Post,GSW,BLK,UNDER,1.5,0.7,-0.8,78.0,,78.0,,0.7,-0.8,0.6,,78.0,0.5,False,,False,78.0,0.78,,0.813,2026-03-21,quinten post,8,3,1,0,1,1,12,11,9,WIN,1.0
Draymond Green,GSW,BLK,UNDER,1.5,0.5,-1.0,78.0,,78.0,,0.5,-1.0,0.6,,78.0,0.5,False,,False,78.0,0.78,,0.813,2026-03-21,draymond green,13,6,4,0,0,2,23,19,17,WIN,0.0
Victor Wembanyama,SAS,BLK,UNDER,4.5,3.5,-1.0,78.0,,78.0,,3.5,-1.0,2.4,,78.0,0.5,False,,False,78.0,0.78,,0.813,2026-03-21,victor wembanyama,20,8,6,1,5,2,34,28,26,LOSS,5.0
P.J. Washington,DAL,BLK,UNDER,1.5,0.7,-0.8,78.0,,78.0,,0.7,-0.8,0.8,,78.0,0.5,False,,False,78.0,0.78,,0.813,2026-03-21,pj washington,21,6,0,1,0,0,27,27,21,WIN,0.0
Jalen Suggs,ORL,BLK,UNDER,1.5,0.7,-0.8,78.0,,78.0,,0.7,-0.8,0.6,,78.0,0.5,False,,False,78.0,0.78,,0.813,2026-03-21,jalen suggs,14,3,6,1,0,3,23,17,20,WIN,0.0
Alperen Sengun,HOU,BLK,UNDER,1.5,0.6,-0.9,78.0,,78.0,,0.6,-0.9,0.6,,78.0,0.5,False,,False,78.0,0.78,,0.813,2026-03-21,alperen sengun,19,12,3,0,0,3,34,31,22,WIN,0.0
Bam Adebayo,MIA,BLK,UNDER,1.5,0.8,-0.7,78.0,,78.0,,0.8,-0.7,1.0,,78.0,0.5,False,,False,78.0,0.78,,0.803,2026-03-21,bam adebayo,32,21,4,2,0,1,57,53,36,WIN,0.0
Myles Turner,MIL,BLK,UNDER,1.5,0.8,-0.7,78.0,,78.0,,0.8,-0.7,0.4,,78.0,0.5,False,,False,78.0,0.78,,0.803,2026-03-21,myles turner,7,3,0,1,2,2,10,10,7,LOSS,2.0
Daniel Gafford,DAL,BLK,UNDER,1.5,0.9,-0.6,78.0,,78.0,,0.9,-0.6,1.0,,78.0,0.5,False,,False,78.0,0.78,,0.783,2026-03-21,daniel gafford,7,13,1,0,0,1,21,20,8,WIN,0.0
Devin Booker,PHX,STL,UNDER,1.5,0.6,-0.9,73.0,,73.0,,0.6,-0.9,0.2,,73.0,0.5,False,,False,73.0,0.73,,0.7705,2026-03-21,devin booker,14,4,7,2,1,3,25,18,21,LOSS,2.0
Jalen Smith,CHI,BLK,UNDER,1.5,0.6,-0.9,78.0,,78.0,,0.6,-0.9,0.4,,78.0,0.5,False,,False,78.0,0.78,,0.813,2026-03-23,jalen smith,15,6,2,0,2,3,23,21,17,LOSS,2.0
Chet Holmgren,OKC,BLK,UNDER,2.5,1.5,-1.0,78.0,,78.0,,1.5,-1.0,1.0,,78.0,0.5,False,,False,78.0,0.78,,0.813,2026-03-23,chet holmgren,17,9,4,0,5,1,30,26,21,LOSS,5.0
Adem Bona,PHI,BLK,UNDER,2.5,1.1,-1.4,78.0,,78.0,,1.1,-1.4,1.8,,78.0,0.5,False,,False,78.0,0.78,,0.813,2026-03-23,adem bona,3,5,3,1,2,1,11,8,6,WIN,2.0
Alperen Sengun,HOU,BLK,UNDER,1.5,0.5,-1.0,78.0,,78.0,,0.5,-1.0,0.6,,78.0,0.5,False,,False,78.0,0.78,,0.813,2026-03-23,alperen sengun,33,13,10,2,2,2,56,46,43,LOSS,2.0
Austin Reaves,LAL,BLK,UNDER,1.5,0.5,-1.0,78.0,,78.0,,0.5,-1.0,0.8,,78.0,0.5,False,,False,78.0,0.78,,0.813,2026-03-23,austin reaves,24,2,5,0,1,3,31,26,29,WIN,1.0
P.J. Washington,DAL,BLK,UNDER,1.5,0.6,-0.9,78.0,,78.0,,0.6,-0.9,0.8,,78.0,0.5,False,,False,78.0,0.78,,0.813,2026-03-23,pj washington,9,3,2,3,0,0,14,12,11,WIN,0.0
Donovan Clingan,POR,BLK,UNDER,3.0,2.3,-0.7,78.0,,78.0,,2.3,-0.7,1.6,,78.0,0.5,False,,False,78.0,0.78,,0.803,2026-03-23,donovan clingan,7,15,0,0,7,2,22,22,7,LOSS,7.0
Bam Adebayo,MIA,BLK,UNDER,1.5,0.8,-0.7,78.0,,78.0,,0.8,-0.7,0.8,,78.0,0.5,False,,False,78.0,0.78,,0.803,2026-03-23,bam adebayo,18,3,4,1,0,0,25,21,22,WIN,0.0
Matas Buzelis,CHI,BLK,UNDER,2.5,1.8,-0.7,78.0,,78.0,,1.8,-0.7,1.8,,78.0,0.5,False,,False,78.0,0.78,,0.803,2026-03-23,matas buzelis,23,4,1,0,0,3,28,27,24,WIN,0.0
Deandre Ayton,LAL,BLK,UNDER,1.5,0.9,-0.6,78.0,,78.0,,0.9,-0.6,1.0,,78.0,0.5,False,,False,78.0,0.78,,0.783,2026-03-23,deandre ayton,13,10,0,1,0,1,23,23,13,WIN,0.0
Victor Wembanyama,SAS,BLK,UNDER,4.5,3.5,-1.0,78.0,,78.0,,3.5,-1.0,3.2,,78.0,0.5,False,,False,78.0,0.78,,0.813,2026-03-25,victor wembanyama,19,15,3,3,7,2,37,34,22,LOSS,7.0
Jaden McDaniels,MIN,BLK,UNDER,1.5,0.4,-1.1,78.0,,78.0,,0.4,-1.1,0.6,,78.0,0.5,False,,False,78.0,0.78,,0.813,2026-03-25,jaden mcdaniels,25,2,0,2,2,1,27,27,25,LOSS,2.0
Jamir Watkins,WAS,BLK,UNDER,1.5,0.6,-0.9,78.0,,78.0,,0.6,-0.9,1.0,,78.0,0.5,False,,False,78.0,0.78,,0.813,2026-03-25,jamir watkins,8,6,2,3,0,3,16,14,10,WIN,0.0
Alperen Sengun,HOU,BLK,UNDER,1.5,0.7,-0.8,78.0,,78.0,,0.7,-0.8,1.0,,78.0,0.5,False,,False,78.0,0.78,,0.813,2026-03-25,alperen sengun,30,6,3,0,4,1,39,36,33,LOSS,4.0
Austin Reaves,LAL,BLK,UNDER,1.5,0.6,-0.9,78.0,,78.0,,0.6,-0.9,0.8,,78.0,0.5,False,,False,78.0,0.78,,0.813,2026-03-25,austin reaves,25,1,8,2,0,2,34,26,33,WIN,0.0
Derrick White,BOS,BLK,UNDER,1.5,0.7,-0.8,78.0,,78.0,,0.7,-0.8,0.8,,78.0,0.5,False,,False,78.0,0.78,,0.813,2026-03-25,derrick white,12,2,6,0,0,1,20,14,18,WIN,0.0
Chet Holmgren,OKC,BLK,UNDER,2.5,1.7,-0.8,78.0,,78.0,,1.7,-0.8,2.0,,78.0,0.5,False,,False,78.0,0.78,,0.813,2026-03-25,chet holmgren,10,5,0,0,0,1,15,15,10,WIN,0.0
Ousmane Dieng,MIL,BLK,UNDER,1.5,0.2,-1.3,78.0,,78.0,,0.2,-1.3,0.2,,78.0,0.5,False,,False,78.0,0.78,,0.813,2026-03-25,ousmane dieng,16,4,4,0,1,4,24,20,20,WIN,1.0
Shai Gilgeous-Alexander,OKC,BLK,UNDER,1.5,0.8,-0.7,78.0,,78.0,,0.8,-0.7,0.6,,78.0,0.5,False,,False,78.0,0.78,,0.803,2026-03-25,shai gilgeousalexander,33,2,8,2,0,2,43,35,41,WIN,0.0
Luka Dončić,LAL,BLK,UNDER,1.5,0.8,-0.7,78.0,,78.0,,0.8,-0.7,0.2,,78.0,0.5,False,,False,78.0,0.78,,0.803,2026-03-25,luka doncic,43,6,7,1,0,5,56,49,50,WIN,0.0
Cody Williams,UTA,BLK,UNDER,1.5,0.4,-1.1,78.0,,78.0,,0.4,-1.1,0.4,,78.0,0.5,False,,False,78.0,0.78,,0.813,2026-03-27,cody williams,24,0,7,2,0,1,31,24,31,WIN,0.0
Derrick White,BOS,BLK,UNDER,1.5,0.7,-0.8,78.0,,78.0,,0.7,-0.8,0.6,,78.0,0.5,False,,False,78.0,0.78,,0.813,2026-03-27,derrick white,10,4,5,0,0,3,19,14,15,WIN,0.0
Jay Huff,IND,BLK,UNDER,3.0,1.5,-1.5,78.0,,78.0,,1.5,-1.5,0.8,,78.0,0.5,False,,False,78.0,0.78,,0.813,2026-03-27,jay huff,3,3,4,0,1,2,10,6,7,WIN,1.0
P.J. Washington,DAL,BLK,UNDER,1.5,0.6,-0.9,78.0,,78.0,,0.6,-0.9,0.6,,78.0,0.5,False,,False,78.0,0.78,,0.813,2026-03-27,pj washington,5,5,0,0,0,1,10,10,5,WIN,0.0
Evan Mobley,CLE,BLK,UNDER,3.0,1.8,-1.2,78.0,,78.0,,1.8,-1.2,1.2,,78.0,0.5,False,,False,78.0,0.78,,0.813,2026-03-27,evan mobley,23,10,3,1,0,0,36,33,26,WIN,0.0
Bilal Coulibaly,WAS,BLK,UNDER,1.5,0.7,-0.8,78.0,,78.0,,0.7,-0.8,1.2,,78.0,0.5,False,,False,78.0,0.78,,0.813,2026-03-27,bilal coulibaly,21,6,2,0,1,0,29,27,23,WIN,1.0
Neemias Queta,BOS,BLK,UNDER,1.5,0.9,-0.6,78.0,,78.0,,0.9,-0.6,0.6,,78.0,0.5,False,,False,78.0,0.78,,0.783,2026-03-27,neemias queta,5,11,5,0,1,3,21,16,10,WIN,1.0
Alperen Sengun,HOU,STL,UNDER,1.5,0.6,-0.9,73.0,,73.0,,0.6,-0.9,1.0,,73.0,0.5,False,,False,73.0,0.73,,0.7705,2026-03-27,alperen sengun,14,8,7,1,2,1,29,22,21,WIN,1.0
Amen Thompson,HOU,STL,UNDER,3.0,0.8,-2.2,73.0,,73.0,,0.8,-2.2,1.0,,73.0,0.5,False,,False,73.0,0.73,,0.7705,2026-03-27,amen thompson,18,8,3,2,1,2,29,26,21,WIN,2.0
Payton Pritchard,BOS,STL,UNDER,1.5,0.6,-0.9,73.0,,73.0,,0.6,-0.9,0.6,,73.0,0.5,False,,False,73.0,0.73,,0.7705,2026-03-27,payton pritchard,36,7,4,0,0,5,47,43,40,WIN,0.0
Cody Williams,UTA,BLK,UNDER,1.5,0.4,-1.1,78.0,,78.0,,0.4,-1.1,0.2,,78.0,0.5,False,,False,78.0,0.78,,0.813,2026-03-28,cody williams,0,2,2,1,1,3,4,2,2,WIN,1.0
Oso Ighodaro,PHX,BLK,UNDER,1.5,0.7,-0.8,78.0,,78.0,,0.7,-0.8,0.6,,78.0,0.5,False,,False,78.0,0.78,,0.813,2026-03-28,oso ighodaro,13,8,2,0,1,4,23,21,15,WIN,1.0
Matas Buzelis,CHI,BLK,UNDER,2.5,1.6,-0.9,78.0,,78.0,,1.6,-0.9,1.2,,78.0,0.5,False,,False,78.0,0.78,,0.813,2026-03-28,matas buzelis,29,10,3,1,3,4,42,39,32,LOSS,3.0
Dylan Cardwell,SAC,BLK,UNDER,1.5,0.5,-1.0,78.0,,78.0,,0.5,-1.0,0.4,,78.0,0.5,False,,False,78.0,0.78,,0.813,2026-03-28,dylan cardwell,3,7,4,1,0,1,14,10,7,WIN,0.0
GG Jackson,MEM,BLK,UNDER,1.5,0.9,-0.6,78.0,,78.0,,0.9,-0.6,0.8,,78.0,0.5,False,,False,78.0,0.78,,0.783,2026-03-28,gg jackson,10,4,3,0,0,2,17,14,13,WIN,0.0
Devin Booker,PHX,STL,UNDER,1.5,0.4,-1.1,73.0,,73.0,,0.4,-1.1,0.4,,73.0,0.5,False,,False,73.0,0.73,,0.7705,2026-03-28,devin booker,26,3,8,1,1,1,37,29,34,WIN,1.0
Isaac Okoro,CHI,STL,UNDER,1.5,0.7,-0.8,73.0,,73.0,,0.7,-0.8,0.4,,73.0,0.5,False,,False,73.0,0.73,,0.7705,2026-03-28,isaac okoro,7,4,1,0,3,2,12,11,8,WIN,0.0
Malik Monk,SAC,STL,UNDER,1.5,0.2,-1.3,73.0,,73.0,,0.2,-1.3,0.4,,73.0,0.5,False,,False,73.0,0.73,,0.7705,2026-03-28,malik monk,10,2,7,1,0,1,19,12,17,WIN,1.0
Precious Achiuwa,SAC,STL,UNDER,1.5,0.7,-0.8,73.0,,73.0,,0.7,-0.8,1.0,,73.0,0.5,False,,False,73.0,0.73,,0.7705,2026-03-28,precious achiuwa,16,6,2,2,0,1,24,22,18,LOSS,2.0
Jordan Goodwin,PHX,STL,UNDER,2.5,1.5,-1.0,73.0,,73.0,,1.5,-1.0,2.0,,73.0,0.5,False,,False,73.0,0.73,,0.7705,2026-03-28,jordan goodwin,8,9,1,2,0,1,18,17,9,WIN,2.0
Ousmane Dieng,MIL,BLK,UNDER,1.5,0.3,-1.2,78.0,,78.0,,0.3,-1.2,0.4,,78.0,0.5,False,,False,78.0,0.78,,0.813,2026-03-29,ousmane dieng,7,2,4,1,0,3,13,9,11,WIN,0.0
Scottie Barnes,TOR,BLK,UNDER,2.5,1.3,-1.2,78.0,,78.0,,1.3,-1.2,1.4,,78.0,0.5,False,,False,78.0,0.78,,0.813,2026-03-29,scottie barnes,23,5,15,3,0,2,43,28,38,WIN,0.0
Jay Huff,IND,BLK,UNDER,2.5,1.1,-1.4,78.0,,78.0,,1.1,-1.4,0.8,,78.0,0.5,False,,False,78.0,0.78,,0.813,2026-03-29,jay huff,6,5,0,0,2,0,11,11,6,WIN,2.0
Chet Holmgren,OKC,BLK,UNDER,2.5,1.4,-1.1,78.0,,78.0,,1.4,-1.1,1.8,,78.0,0.5,False,,False,78.0,0.78,,0.813,2026-03-29,chet holmgren,16,9,2,1,0,1,27,25,18,WIN,0.0
Amen Thompson,HOU,BLK,UNDER,1.5,0.8,-0.7,78.0,,78.0,,0.8,-0.7,1.2,,78.0,0.5,False,,False,78.0,0.78,,0.803,2026-03-29,amen thompson,14,8,5,3,0,0,27,22,19,WIN,0.0
Neemias Queta,BOS,BLK,UNDER,1.5,0.9,-0.6,78.0,,78.0,,0.9,-0.6,0.6,,78.0,0.5,False,,False,78.0,0.78,,0.783,2026-03-29,neemias queta,17,8,1,1,1,0,26,25,18,WIN,1.0
Nikola Jokić,DEN,BLK,UNDER,1.5,0.9,-0.6,78.0,,78.0,,0.9,-0.6,0.4,,78.0,0.5,False,,False,78.0,0.78,,0.783,2026-03-29,nikola jokic,25,15,8,1,0,2,48,40,33,WIN,0.0
Jamal Murray,DEN,STL,UNDER,1.5,0.6,-0.9,73.0,,73.0,,0.6,-0.9,0.4,,73.0,0.5,False,,False,73.0,0.73,,0.7705,2026-03-29,jamal murray,20,6,7,2,1,4,33,26,27,LOSS,2.0
Alperen Sengun,HOU,STL,UNDER,1.5,0.6,-0.9,73.0,,73.0,,0.6,-0.9,1.0,,73.0,0.5,False,,False,73.0,0.73,,0.7705,2026-03-29,alperen sengun,36,13,7,3,3,0,56,49,43,LOSS,3.0
Bub Carrington,WAS,STL,UNDER,1.5,0.4,-1.1,73.0,,73.0,,0.4,-1.1,0.4,,73.0,0.5,False,,False,73.0,0.73,,0.7705,2026-03-29,bub carrington,11,2,4,1,0,4,17,13,15,WIN,1.0
Keon Ellis,CLE,BLK,UNDER,1.5,0.6,-0.9,78.0,,78.0,,0.6,-0.9,0.4,,78.0,0.5,False,,False,78.0,0.78,,0.813,2026-03-30,keon ellis,13,2,1,2,1,2,16,15,14,WIN,1.0
LeBron James,LAL,BLK,UNDER,1.5,0.4,-1.1,78.0,,78.0,,0.4,-1.1,0.2,,78.0,0.5,False,,False,78.0,0.78,,0.813,2026-03-30,lebron james,21,10,12,0,1,4,43,31,33,WIN,1.0
Thomas Bryant,CLE,BLK,UNDER,1.5,0.5,-1.0,78.0,,78.0,,0.5,-1.0,0.2,,78.0,0.5,False,,False,78.0,0.78,,0.813,2026-03-30,thomas bryant,2,7,0,1,0,3,9,9,2,WIN,0.0
Cody Williams,UTA,BLK,UNDER,1.5,0.5,-1.0,78.0,,78.0,,0.5,-1.0,0.4,,78.0,0.5,False,,False,78.0,0.78,,0.813,2026-03-30,cody williams,26,6,4,2,0,2,36,32,30,WIN,0.0
Evan Mobley,CLE,BLK,UNDER,2.5,1.5,-1.0,78.0,,78.0,,1.5,-1.0,0.6,,78.0,0.5,False,,False,78.0,0.78,,0.813,2026-03-30,evan mobley,34,17,3,1,3,2,54,51,37,LOSS,3.0
Deandre Ayton,LAL,BLK,UNDER,2.0,1.0,-1.0,78.0,,78.0,,1.0,-1.0,1.2,,78.0,0.5,False,,False,78.0,0.78,,0.813,2026-03-30,deandre ayton,12,7,1,0,3,2,20,19,13,LOSS,3.0
Chet Holmgren,OKC,BLK,UNDER,2.5,1.2,-1.3,78.0,,78.0,,1.2,-1.3,1.6,,78.0,0.5,False,,False,78.0,0.78,,0.813,2026-03-30,chet holmgren,13,9,1,2,2,3,23,22,14,WIN,2.0
Ajay Mitchell,OKC,STL,UNDER,1.5,0.7,-0.8,73.0,,73.0,,0.7,-0.8,0.4,,73.0,0.5,False,,False,73.0,0.73,,0.7705,2026-03-30,ajay mitchell,14,2,3,2,1,1,19,16,17,LOSS,2.0
Bub Carrington,WAS,STL,UNDER,1.5,0.4,-1.1,73.0,,73.0,,0.4,-1.1,0.6,,73.0,0.5,False,,False,73.0,0.73,,0.7705,2026-03-30,bub carrington,5,1,7,0,0,4,13,6,12,WIN,0.0
Paul Reed,DET,STL,UNDER,1.5,0.7,-0.8,73.0,,73.0,,0.7,-0.8,1.2,,73.0,0.5,False,,False,73.0,0.73,,0.7705,2026-03-30,paul reed,21,10,2,1,4,3,33,31,23,WIN,1.0
Jalen Duren,DET,BLK,UNDER,1.5,0.9,-0.6,78.0,,78.0,,0.9,-0.6,1.0,,78.0,0.5,False,,False,78.0,0.78,,0.783,2026-03-31,jalen duren,31,9,3,0,1,3,43,40,34,WIN,1.0
Amen Thompson,HOU,STL,UNDER,3.0,1.2,-1.8,73.0,,73.0,,1.2,-1.8,1.4,,73.0,0.5,False,,False,73.0,0.73,,0.7705,2026-03-31,amen thompson,17,4,8,0,2,1,29,21,25,WIN,0.0
Jakob Poeltl,TOR,STL,UNDER,1.5,0.7,-0.8,73.0,,73.0,,0.7,-0.8,1.0,,73.0,0.5,False,,False,73.0,0.73,,0.7705,2026-03-31,jakob poeltl,13,4,1,1,0,0,18,17,14,WIN,1.0
Daniel Gafford,DAL,STL,UNDER,1.5,0.5,-1.0,73.0,,73.0,,0.5,-1.0,0.2,,73.0,0.5,False,,False,73.0,0.73,,0.7705,2026-03-31,daniel gafford,7,4,0,0,1,0,11,11,7,WIN,0.0
Coby White,CHA,STL,UNDER,1.5,0.2,-1.3,73.0,,73.0,,0.2,-1.3,0.2,,73.0,0.5,False,,False,73.0,0.73,,0.7705,2026-03-31,coby white,16,2,5,0,0,3,23,18,21,WIN,0.0
Duncan Robinson,DET,STL,UNDER,1.5,0.3,-1.2,73.0,,73.0,,0.3,-1.2,0.4,,73.0,0.5,False,,False,73.0,0.73,,0.7705,2026-03-31,duncan robinson,19,1,2,1,0,1,22,20,21,WIN,1.0
Brandon Miller,CHA,STL,UNDER,1.5,0.8,-0.7,73.0,,73.0,,0.8,-0.7,0.2,,73.0,0.5,False,,False,73.0,0.73,,0.7605,2026-03-31,brandon miller,25,1,3,0,1,0,29,26,28,WIN,0.0
Brook Lopez,LAC,STL,UNDER,1.5,0.8,-0.7,73.0,,73.0,,0.8,-0.7,1.2,,73.0,0.5,False,,False,73.0,0.73,,0.7605,2026-03-31,brook lopez,18,7,2,0,3,1,27,25,20,WIN,0.0
Daniss Jenkins,DET,STL,UNDER,1.5,0.9,-0.6,73.0,,73.0,,0.9,-0.6,0.8,,73.0,0.5,False,,False,73.0,0.73,,0.7405,2026-03-31,daniss jenkins,21,5,5,0,1,3,31,26,26,WIN,0.0
Ausar Thompson,DET,STL,UNDER,3.0,2.4,-0.6,73.0,,73.0,,2.4,-0.6,3.0,,73.0,0.5,False,,False,73.0,0.73,,0.7405,2026-03-31,ausar thompson,5,7,5,2,0,3,17,12,10,WIN,2.0
