game_date,slip_type,wager,potential_payout,Pick_1_Player,Pick_1_Prop,Pick_1_Dir,Pick_1_Line,Pick_2_Player,Pick_2_Prop,Pick_2_Dir,Pick_2_Line,Pick_3_Player,Pick_3_Prop,Pick_3_Dir,Pick_3_Line,Pick_4_Player,Pick_4_Prop,Pick_4_Dir,Pick_4_Line,result,actual_payout
2026-03-17,2-pick Power Play,20,60,Keldon Johnson,PA,UNDER,19.5,Justin Edwards,PA,UNDER,17.0,,,,,,,,,WIN,60
2026-03-17,3-pick Power Play,20,100,Keldon Johnson,PA,UNDER,19.5,Justin Edwards,PA,UNDER,17.0,Justin Edwards,PR,UNDER,16.5,,,,,WIN,100
2026-03-17,4-pick Power Play,20,200,Keldon Johnson,PA,UNDER,19.5,Justin Edwards,PA,UNDER,17.0,Justin Edwards,PR,UNDER,16.5,Justin Edwards,PRA,UNDER,17.5,LOSS,0
2026-03-18,2-pick Power Play,20,60,Jaylin Williams,PR,UNDER,26.0,Ayo Dosunmu,PRA,UNDER,26.5,,,,,,,,,LOSS,0
2026-03-18,3-pick Power Play,20,100,Jaylin Williams,PR,UNDER,26.0,Ayo Dosunmu,PRA,UNDER,26.5,Jaylen Brown,PRA,OVER,36.5,,,,,LOSS,0
2026-03-18,4-pick Power Play,20,200,Jaylin Williams,PR,UNDER,26.0,Ayo Dosunmu,PRA,UNDER,26.5,Jaylen Brown,PRA,OVER,36.5,Julius Randle,PA,UNDER,30.5,LOSS,0
2026-03-19,2-pick Power Play,20,60,Jabari Walker,PR,UNDER,22.0,Daniss Jenkins,PRA,UNDER,22.5,,,,,,,,,WIN,60
2026-03-19,3-pick Power Play,20,100,Jabari Walker,PR,UNDER,22.0,Daniss Jenkins,PRA,UNDER,22.5,Luka Dončić,PR,UNDER,44.5,,,,,LOSS,0
2026-03-19,4-pick Power Play,20,200,Jabari Walker,PR,UNDER,22.0,Daniss Jenkins,PRA,UNDER,22.5,Luka Dončić,PR,UNDER,44.5,Bam Adebayo,PRA,OVER,32.25,LOSS,0
2026-03-20,2-pick Power Play,20,60,Julius Randle,PA,UNDER,31.5,Ayo Dosunmu,PA,UNDER,23.5,,,,,,,,,LOSS,0
2026-03-20,3-pick Power Play,20,100,Julius Randle,PA,UNDER,31.5,Ayo Dosunmu,PA,UNDER,23.5,Daniss Jenkins,PRA,UNDER,22.5,,,,,LOSS,0
2026-03-20,4-pick Power Play,20,200,Julius Randle,PA,UNDER,31.5,Ayo Dosunmu,PA,UNDER,23.5,Daniss Jenkins,PRA,UNDER,22.5,Donovan Clingan,PRA,OVER,25.5,LOSS,0
2026-03-21,2-pick Power Play,20,60,Ace Bailey,PA,UNDER,26.5,Oso Ighodaro,PRA,UNDER,22.5,,,,,,,,,LOSS,0
2026-03-21,3-pick Power Play,20,100,Ace Bailey,PA,UNDER,26.5,Oso Ighodaro,PRA,UNDER,22.5,Justin Edwards,PR,UNDER,19.5,,,,,LOSS,0
2026-03-21,4-pick Power Play,20,200,Ace Bailey,PA,UNDER,26.5,Oso Ighodaro,PRA,UNDER,22.5,Justin Edwards,PR,UNDER,19.5,VJ Edgecombe,PA,UNDER,28.5,LOSS,0
2026-03-25,2-pick Power Play,20,60,Darius Garland,PRA,OVER,27.5,Evan Mobley,PRA,OVER,31.5,,,,,,,,,LOSS,0
2026-03-25,3-pick Power Play,20,100,Darius Garland,PRA,OVER,27.5,Evan Mobley,PRA,OVER,31.5,Victor Wembanyama,PR,UNDER,42.0,,,,,LOSS,0
2026-03-25,4-pick Power Play,20,200,Darius Garland,PRA,OVER,27.5,Evan Mobley,PRA,OVER,31.5,Victor Wembanyama,PR,UNDER,42.0,Kawhi Leonard,PRA,OVER,37.5,LOSS,0
2026-03-27,2-pick Power Play,20,60,Darius Garland,PA,OVER,26.5,Jonathan Kuminga,PR,OVER,12.5,,,,,,,,,LOSS,0
2026-03-27,3-pick Power Play,20,100,Darius Garland,PA,OVER,26.5,Jonathan Kuminga,PR,OVER,12.5,Tyler Herro,PRA,OVER,28.0,,,,,LOSS,0
2026-03-27,4-pick Power Play,20,200,Darius Garland,PA,OVER,26.5,Jonathan Kuminga,PR,OVER,12.5,Tyler Herro,PRA,OVER,28.0,Nikola Jokić,PR,UNDER,44.5,LOSS,0
2026-03-28,2-pick Power Play,20,60,Jalen Johnson,TRB,UNDER,11.5,Corey Kispert,PA,UNDER,15.5,,,,,,,,,WIN,60.0
2026-03-28,3-pick Power Play,20,100,Jalen Johnson,TRB,UNDER,11.5,Corey Kispert,PA,UNDER,15.5,Josh Giddey,PR,UNDER,28.5,,,,,LOSS,0.0
2026-03-28,4-pick Power Play,20,200,Jalen Johnson,TRB,UNDER,11.5,Corey Kispert,PA,UNDER,15.5,Josh Giddey,PR,UNDER,28.5,Malik Monk,PRA,UNDER,27.5,LOSS,0.0
2026-03-29,2-pick Power Play,20.0,60.0,Jericho Sims,TRB,UNDER,9.0,Derrick White,AST,UNDER,6.5,,,,,,,,,WIN,40.0
2026-03-29,3-pick Power Play,20.0,100.0,Jericho Sims,TRB,UNDER,9.0,Derrick White,AST,UNDER,6.5,Devin Carter,AST,UNDER,5.5,,,,,WIN,60.0
2026-03-29,4-pick Power Play,20.0,200.0,Jericho Sims,TRB,UNDER,9.0,Derrick White,AST,UNDER,6.5,Devin Carter,AST,UNDER,5.5,Jrue Holiday,PTS,UNDER,19.0,WIN,100.0
2026-03-29,2-pick Power Play,20.0,60.0,Quentin Grimes,PA,OVER,12.5,Austin Reaves,PTS,UNDER,31.5,,,,,,,,,LOSS,0
2026-03-29,3-pick Power Play,20.0,100.0,Quentin Grimes,PA,OVER,12.5,Austin Reaves,PTS,UNDER,31.5,LeBron James,PTS,UNDER,26.0,,,,,LOSS,0
2026-03-29,4-pick Power Play,20.0,200.0,Quentin Grimes,PA,OVER,12.5,Austin Reaves,PTS,UNDER,31.5,LeBron James,PTS,UNDER,26.0,Payton Pritchard,AST,UNDER,6.5,LOSS,0
2026-03-29,2-pick Power Play,20.0,60.0,Bennedict Mathurin,TRB,UNDER,8.5,Caris LeVert,AST,UNDER,4.5,,,,,,,,,LOSS,0
,,,,,,,,,,,,,,,,,,,,LOSS,0
2026-03-31,2-pick Power Play,20.0,60.0,Ausar Thompson,TRB,UNDER,8.0,Donovan Mitchell,AST,UNDER,7.0,,,,,,,,,WIN,60.0
2026-03-31,3-pick Power Play,20.0,100.0,Ausar Thompson,TRB,UNDER,8.0,Donovan Mitchell,AST,UNDER,7.0,Ja'Kobe Walter,TRB,UNDER,5.0,,,,,WIN,100.0
2026-03-31,4-pick Power Play,20.0,200.0,Ausar Thompson,TRB,UNDER,8.0,Donovan Mitchell,AST,UNDER,7.0,Ja'Kobe Walter,TRB,UNDER,5.0,Deni Avdija,PA,UNDER,34.5,LOSS,0.0
2026-04-01,2-pick Power Play,20.0,60.0,Derrick White,PTS,UNDER,16.5,OG Anunoby,PTS,UNDER,15.5,,,,,,,,,LOSS,0.0
2026-04-01,3-pick Power Play,20.0,100.0,Derrick White,PTS,UNDER,16.5,OG Anunoby,PTS,UNDER,15.5,Mikal Bridges,PRA,UNDER,22.0,,,,,LOSS,0.0
2026-04-01,4-pick Power Play,20.0,200.0,Derrick White,PTS,UNDER,16.5,OG Anunoby,PTS,UNDER,15.5,Mikal Bridges,PRA,UNDER,22.0,Victor Wembanyama,PTS,OVER,24.75,LOSS,0.0
2026-04-02,2-pick Power Play,20.0,60.0,Evan Mobley,PA,UNDER,24.5,Jarrett Allen,PTS,OVER,14.0,,,,,,,,,WIN,60.0
2026-04-02,3-pick Power Play,20.0,100.0,Evan Mobley,PA,UNDER,24.5,Jarrett Allen,PTS,OVER,14.0,De'Anthony Melton,PTS,UNDER,13.5,,,,,WIN,100.0
2026-04-02,4-pick Power Play,20.0,200.0,Evan Mobley,PA,UNDER,24.5,Jarrett Allen,PTS,OVER,14.0,De'Anthony Melton,PTS,UNDER,13.5,Donovan Mitchell,PA,UNDER,32.0,WIN,200.0
